contract_name,contract_address,token_type,symbol,decimals
GoldTokenProxy,0x471EcE3750Da237f93B8E339c536989b8978a438,ERC-20,CELO,18
StableTokenProxy,0x765DE816845861e75A25fCA122bb6898B8B1282a,ERC-20,cUSD,18
NetMToken,0x123ED050805E0998EBEf43671327139224218e50,ERC-20,NTMX,18
SavingsCELO,0x2879BFD5e7c4EF331384E908aaA3Bd3014b703fA,ERC-20,sCELO,18
CeloStarter,0x452EF5a4bD00796e62E5e5758548e0dA6e8CCDF3,ERC-20,cStar,18
UbeToken,0x00Be915B9dCf56a3CBE739D9B9c202ca692409EC,ERC-20,UBE,18
TokenSoftTokenV2,0x2DEf4285787d58a2f811AF24755A8150622f4361,ERC-20,cETH,18
UniswapV2Pair,0x1C552a9ec7FB11D63BEfaf08b28dca0922C4104a,ERC-20,ULP,18
UniswapV2Pair,0x6626da55d43425A4EC1067b091Cf87a7EFBDAD6b,ERC-20,ULP,18
UniswapV2Pair,0xf5b1BC6C9c180b64F5711567b1d6a51A350f8422,ERC-20,ULP,18
LapisToken,0xb87080110c4F2E3025138F6dAaB5928de7900E1a,ERC-20,LAPIS,18
RewardsCELO,0x1a8Dbe5958c597a744Ba51763AbEBD3355996c3e,ERC-20,rCELO,18
CeloShiba,0x22401536505dd5d85F7d57f8B37172feDa8f499d,ERC-20,CSHIBA,9
CeloDoge,0xD90BBdf5904cb7d275c41f897495109B9A5adA58,ERC-20,CDOGE,9
LapisToken,0xBa647Ff9B1032cA3aA7F7Cc9e33D55785f49CD8e,ERC-20,LAPIS,8
Chiwawa,0xBd601dCAbCaA7BFCdea35B4062684c1Ec605fcAa,ERC-20,CHI,18
LAPIS,0x18414Ce6dAece0365f935F3e78A7C1993e77d8Cd,ERC-20,LAPIS,18
ReleaseUbe,0x5Ed248077bD07eE9B530f7C40BE0c1dAE4c131C0,ERC-20,rUBE,18
UniswapV2Pair,0xa8E0a0226DBC6B5e462d576E919f8d64d2947222,ERC-20,ULP,18
UniswapV2Pair,0x1E593F1FE7B61c53874B54EC0c59FD0d5eb8621e,ERC-20,ULP,18
TokenSoftTokenV2,0xD629eb00dEced2a080B7EC630eF6aC117e614f1b,ERC-20,BTC,18
POOF,0x00400FcbF0816bebB94654259de7273f4A05c762,ERC-20,POOF,18
ReleasePOOF,0x695218A22c805Bab9C6941546CF5395F169Ad871,ERC-20,rPOOF,18
FMTLOL,0x03943C3ef00d92e130185CeBC0bcc435Def2cC94,ERC-20,FM,18
MinionSwap,0x8834ECD9c86e0712DC763796791D43365F6f55a8,ERC-20,MINION,18
CeloAkita,0x18885CC1733EBF923D400F2d66DD28a5187856d5,ERC-20,cAKITA,18
MockToken,0xd1725ef082cCDA9d99FBA47B05C045989b817441,ERC-20,TMG,18
CaveToken,0xD566269EFfd2d3a5e4C8FA93c976cab5Fa99Eb78,ERC-20,Cave,8
Token,0xDB452CC669D3Ae454226AbF232Fe211bAfF2a1F9,ERC-20,celoDUCO,18
SideToken,0x93DB49bE12B864019dA9Cb147ba75cDC0506190e,ERC-20,cUSDC,18
ControlledSideToken,0x32A9FE697a32135BFd313a6Ac28792DaE4D9979d,ERC-20,cMCO2,18
MinionSwap,0x1345eB2c36A9d6bA912f08A0303967a9FD1e2245,ERC-20,MINION,18
UberCELO,0x6619c56302e3eA787fcd31A7e6DadEc796da0381,ERC-20,UbeC,9
ERC1967Proxy,0xbDd31EFfb9E9f7509fEaAc5B4091b31645A47e4b,ERC-20,TFBX,18
CeloShibaNinja,0x4D7bC7472b78EbFD76670c516D098aFB030B8296,ERC-20,cShibaNinja,18
wmcUSD,0x9a81E75F00C0491A3d85Ca076804C1A0c88B42B4,ERC-20,wmcUSD,18
CeloShibaSwap,0x48F6A413be4100Cd2038ea4BA1b361Ec865eBE15,ERC-20,cShibaFarm,18
Cheese,0x3F9219C96F8C613900620f8a02E4FA684D0F52e4,ERC-20,CHEESE,18
Myss,0x7248657F0f77BdE82DCE549e2FC9A2A671b50c64,ERC-20,Myss,18
MyK,0x59764477A9809E6cC521AdE5ec4b39a5D3fb4796,ERC-20,MyK,18
Locker,0x7495Bd05276CD4B192e315fAf891759039fA5884,ERC-721,LP_LOCK,
BabyCelo,0xD61D342c95B4EE641380631508cc3b58046748a4,ERC-20,BabyCelo,9
BabyCelo,0x5c42279Bff45790b427F0cFE6d1c628F7aE03e90,ERC-20,BabyCelo,9
BabyCelo,0x20656108f51b30688b3A84ef3e3F776f825CB0e2,ERC-20,BabyCelo,9
HAREMToken,0xB4D0E4Aa5d953823Ed4286347630d8AA3c353105,ERC-20,HAREM,18
WannaSwapToken,0x8B156e10dF6Ee8Fd4030945EDCca6DB475A12152,ERC-20,WANNA,18
CeloIron,0x5920cb256F3A04acDeFcc69e58c521F4aF251632,ERC-20,cIRON,18
Guppy,0x4F2F84A93Cb1daE69e18867fcF38902001d3A112,ERC-20,GUPPY,18
UniswapV2Pair,0xdD947983A29A297C29E44d02e854351904D1Cf99,ERC-20,ULP,18
CorgiSToken,0x7cdC85bE7A6a71fe58943Af22b68c7136f6642DB,ERC-20,CORIS,18
CeloPunkTest,0x111d05e62148f6d797270B1Bd331aa6a288A5942,ERC-721,CPT,
SmartContract,0x9f46B8290A6D41B28dA037aDE0C3eBe24a5D1160,ERC-721,CPUNK,
ProsperityFactory,0x8aab2bf9a6AB65A7bc70BA605775940714eAEF71,ERC-721,PF,
CeloPunks,0xB7F88C6e7d9EfC7FD9b587684DfC8B4C4422855E,ERC-721,CPUNKS,
WannaSwapToken,0xc7cF849496E24e3fBc0864c7E76b5369164cB0d6,ERC-20,WANNA,18
wmCELO,0xe3305d2c398B6AD1f2228621154a3Daf2a47f478,ERC-20,wmCELO,18
wmcUSD,0xC21984be83Af1e000ab04f63b61E0866Cb01e686,ERC-20,wmcUSD,18
wmcEUR,0x99319f8d95110fb26171B98fE24Af088f981c650,ERC-20,wmcEUR,18
PoofMintableLendable,0x6c2457fdbCb6992659f28E1CbBF08EF9258F7f00,ERC-20,pCELO,18
PoofMintableLendable,0x691e6877271675eaf372a9dBcDf4b39eb8c06d69,ERC-20,pUSD,18
PoofMintableLendable,0x7015A9e168a2Dc8Ef2afdABb7dD3b47F8E83d07A,ERC-20,pCELO,18
PoofMintableLendable,0xba13bD87671fA4Ff861D1dE16F751784027be09b,ERC-20,pUSD,18
PoofMintableLendable,0xb789eB26B60585D91BafD8927189cc17b820D3C2,ERC-20,pEUR,18
HaveSomeFuckinMoney,0x0DbD6958DBC84382ec3Dfdcc4FE068D3D7f3bF80,ERC-20,SFM,18
ceLoot,0x6411549E7201e5587a19b413301BcaA9432aE3c0,ERC-721,CELOOT,
SANTRAST,0x888dEea85f486eaeFe3c84575045b5107b90DA25,ERC-20,SNR,18
SantrastOrg,0xfCc6CeDf0559064D8E24014cc2151170657363a2,ERC-20,SNRW,18
WETH9,0xE61c6A2df08269918448BAD6cb93F9EA59474eFd,ERC-20,WETH,18
ALIENO,0x26C17F72DEa13200F562E0438F718cF9e103D316,ERC-20,ALIENO,18
EggToken,0xe2739BF64D6ad3a5a43B0f10baF5081A9dbEF9B1,ERC-20,EGG,18
supraVaultV5,0x8C09Af664a2f1eC92A86c797f0fFcc471E25c84a,ERC-20,supraCELO-wETH_Sushiswap,18
Locker,0x4FdCCf26bc09ADA40752c17a27f6Ede21AE84af9,ERC-721,LP_LOCK,
supraVaultV5,0xace33022dC4870bD65F18112d2a3CAf413642087,ERC-20,supraMOO-mCELO_UbeSwap,18
supraVaultV5,0x66b8E9091B8B31D13BE872b22b52b9c8B9D2eF92,ERC-20,supracUSD/DAI_SushiSwap,18
BEP20Token,0x4A2b0596c01e0C93eEADD4735bFDb73D1CB99dc4,ERC-20,BTCDT,18
PoofMintableLendable,0xB4aa2986622249B1F45eb93F28Cfca2b2606d809,ERC-20,pUSD,18
PoofMintableLendable,0xE74AbF23E1Fdf7ACbec2F3a30a772eF77f1601E1,ERC-20,pCELO,18
PoofMintableLendable,0x56072D4832642dB29225dA12d6Fd1290E4744682,ERC-20,pEUR,18
wmcUSD,0x5b46A20284366F5e79D9B3e5e2FA0F5702b8C72F,ERC-20,wmcUSD,18
wmCELO,0xd3D7831D502Ab85319E1F0A18109aa9aBEBC2603,ERC-20,wmCELO,18
wmcEUR,0xb7e4e9329DA677969376cc76e87938563B07Ac6A,ERC-20,wmcEUR,18
PortalToken,0xd954C4c006189d967507b8ba758605364eB660D2,ERC-20,LAPIS,18
OBS,0x3db648A8173abAf27a5705c079a0bF951ff28432,ERC-20,OBS,18
AbsNFT,0x788C4B43B6E8a28858f2862D0A8af203C71B89af,ERC-721,ABSNFT,
CellToken,0x0631DD22cd83508f50ea11e1CAE82801Bb9904aC,ERC-20,CELL,18
NFT,0x9B5cCAA7972630e3c90F200fe158D356E4522b8E,ERC-721,SUP,
NFT,0x6b16AA519aDf0b6a6E726492E3be2Cb6852e5120,ERC-721,SUP,
BeefyVaultV6,0xa5aaE3a55cA356C62b5425AA4bFC212542B17777,ERC-20,mooSushicEUR-WETH,18
BeefyVaultV6,0xA338D34c5de06B88197609956a2dEAAfF7Af46c8,ERC-20,mooSushicUSD-cEUR,18
BeefyVaultV6,0x8a198BCbF313A5565c64A7Ed61FaA413eB4E0931,ERC-20,mooSushiCELO-WETH,18
BeefyVaultV6,0x7f6fE34C51d5352A0CF375C0Fbe03bD19eCD8460,ERC-20,mooSushicUSD-DAI,18
celoLaunch,0x82244CeA637b2fc499809be656f279F5a8d31cCc,ERC-20,cLA,18
SmolToken,0x0996D52FF86d5ae703bFcb5A808224944230d114,ERC-20,Smol,18
SyrupBar,0x696aEEaA0D7C039D1C2FD410bceae391C739186C,ERC-20,SYRUP,18
celoLaunch,0xC1CBe5aB272056166f0f1D26f091958a8Cc92F69,ERC-20,cLA,18
BeefyVaultV6,0xf6fD90FE8f057a63F0368B0B551D5e52C7Ae821F,ERC-20,mooSushicUSD-WETH,18
CFATokenProxy,0xAd59C75Eb9568E699dFC71D530E27F8D12e135ca,ERC-20,cXOF,8
CeloApes,0x1eCD77075F7504bA849d47DCe4cdC9695f1FE942,ERC-721,CAK,
NanoToken,0x4622E9F21F56D5E07467B131d4DFfdfd3bcb4997,ERC-20,Nano,18
Teo,0x961cbbAA52077dD3Aa09bb0503CD27740236dFCC,ERC-20,TEO,18
WTC,0x146ae897Cc7f32B35839d6fEc7fC9e2694817ffa,ERC-20,WTC,18
NFT,0x179513e0fa9B5AD964405B01194105A2d8e0c2df,ERC-721,CT,
CeloToadzNFT,0x86bEF3d8Ad9d30435da8c111BB67c510B8311721,ERC-721,CTOADZ,
CeloToadzNFT,0x6Fc1C8d59FdC261c55273f9b8e64B7E88C45E208,ERC-721,CTOADZ,
PREMIO,0x94140c2eA9D208D8476cA4E3045254169791C59e,ERC-20,PREMIO,18
supraVaultV5,0xef5b13D633fFEda2E05c1D1C398D8d185D3e03E8,ERC-20,supraUBE,18
Stabilite,0x9ef8756633414f648ba8597C3FcD5f02b45DcCA2,ERC-20,stabUSD,18
MobiusVault,0x7047E61F3Aa4A1312252dD61a292143abC67F78f,ERC-20,mobVAULT,18
Stabilite,0x0a60c25Ef6021fC3B479914E6bcA7C03c18A97f1,ERC-20,stabilUSD,18
STABIL,0xe6CbF90a7a33eddC9e27eD2bb383B7baA93cC7Dc,ERC-20,STABIL,18
BeefyVaultV6,0xf68C61E3c2f9C48E53391E1FCd2db1f19998151b,ERC-20,mooCeloBIFI,18
NonFungibleToken,0x068117420f08262c611B62C08b582C2109b799Ab,ERC-721,MPUNK,
SNT,0xF66Abb0d63C60D39FA9E6E9c20ABE0F7635E4D94,ERC-20,SNT,18
TransparentUpgradeableProxy,0x74c0C58B99b68cF16A717279AC2d056A34ba2bFe,ERC-20,SOURCE,18
TransparentUpgradeableProxy,0xf79a3881713BFA9Fe080Ef6f2D7579Fd595F4f76,ERC-20,NOTHING,18
AdminUpgradeabilityProxy,0x3Cb66518424c91602dd0250c160BBe9ffC1Ea0e3,ERC-20,StarToken,18
ARISwapToken,0x745f233f80F7ddA3073755e50Fa32F4B8A6A1574,ERC-721,ARI,
AlphaBeta,0x2C9F82812D44C3f996d56FB3cc8AAd72b95576cF,ERC-20,ALPHABETA,18
NFT,0xb03BF3cdBbEe3888aAa07783E33ee856163fB754,ERC-721,CELO,
CeloShapes,0x501F7Ea7B1aA25fF7D2feB3a2e96979ba754204B,ERC-721,CSHAPE,
Smiles,0x0A5c1108d016b2486433cD838450c9ef932e03d5,ERC-721,,
AlphaBetaVault,0xFdD41e07BD7d3fb920810a407cACe43B0653c721,ERC-20,ABLP,18
MobiusVault,0x7cFF0c64f92F125e10557339b15Cf11833B29328,ERC-20,mobVAULT,18
MoolaVault,0x4195bD7afC2ceCABdF2949f7CBD8E204F44045d7,ERC-20,mooVAULT,18
WETH9,0x2999B189A6b06081c58bC4dA898C38089C4ad13A,ERC-20,WETH,18
AriSwap,0x20677d4f3d0F08e735aB512393524A3CfCEb250C,ERC-20,ARI,18
celoLaunch,0xFcBE2a5Bc6F0F2Cb1599f47543e35D67ccE98265,ERC-20,cLA,18
celoLaunch,0xd30255D23196B7782524FCC7Fd2A6B2f474da21E,ERC-20,cLA,18
celoLaunch,0xd5Ffb242bedcdfD2930465dB073F8e712e25De72,ERC-20,cLA,18
celoLaunch,0x3BF4F92c07907f14793Af6C966ea6E55bf272dA1,ERC-20,cLA,18
NonFungibleToken,0x517bCe2DdBc21b9A8771Dfd3Db40404BDEF1272D,ERC-721,MPUNK,
ASCIISmilesToken,0xaAAaaAaaA12c8d5501D3AEfd29C1969a3270DD38,ERC-20,ACS,18
CloudSilver,0x44CD920344A04d707d2b994Ae66A5E1f284a0cE5,ERC-20,CSVR,18
MooToken,0x17700282592D6917F6A73D0bF8AcCf4D578c131e,ERC-20,MOO,18
GasToken2,0x9ebaF6e1Edd4cC6D86Ec621Ace0E312061660eC7,ERC-20,GST2,2
ChiToken,0x62A25e867f7853B362BBDA8c0F400466A8063880,ERC-20,CHI,0
MultiBridgeToken,0x38D1e20B0039bFBEEf4096be00175227F8939E51,ERC-20,USDC.c,6
AutocompVaultV1,0x7036f519EC6EFf4414b26c53283F6Be6650C263e,ERC-20,acSolCelo,18
AutocompVaultV1,0x4a87da7666F4997d8b2F581787cb2C4DC470E5DB,ERC-20,acAvaxMcusd,18
AutocompVaultV1,0x17E492233288fd6b2e1c34fe3Fc830292e211f34,ERC-20,acCeloKnx,18
AutocompVaultV1,0x5e9A629C8C2C444145CB83BC556d79F1d6bf2538,ERC-20,acSrcMcusd,18
CeloPunkSpecialCeloSeries,0xE3811Eba1A0Bf0BF6EA882294A90b381f6c6deb1,ERC-721,CELOPUNK,
AutocompVaultV1,0x0ea231fc89A7D3D5Bf75e3ac423FD340EC155c7c,ERC-20,acSrcMcusd,18
AutocompVaultV1,0xBb376142614442846dAbEe6Db6A178beEEbA6873,ERC-20,acMOOmCELO,18
DevRelHaus,0x6aA48ccD4e6F35936E15a916dBd195C2eFc5E08c,ERC-721,DRH,
PToken,0xEadf4A7168A82D30Ba0619e64d5BCf5B30B45226,ERC-20,pUSD,18
TelestoKey,0x7a6EFd9685D50b5d6f1be49B1e80d2F50F384CA1,ERC-721,TELOKEY,1
MintSwapCanonicalToken,0x48421FF1c6B93988138130865C4B7Cce10358271,ERC-20,openUSDC,6
MintSwapCanonicalToken,0x1FBD282fdcF0C6FA9c77Eb61f95535dE3CCB8B78,ERC-20,openWETH,18
AutocompVaultV1,0x80666229E78165BFCbB7690DE4f3de50b9105a0A,ERC-20,acmCusdWbtc,18
NFT,0x0C69fAb99e51b6C2e4a1cAE49B123bbbe94a56cD,ERC-721,CHRISTMASPUNK,
AutocompVaultV1,0x221702dc6913F203780BEF4186AbE88e43a3Bd9D,ERC-20,acPactCelo,18
AutocompVaultV1,0xBc99E5DF9C583F0721A54bA9deB89d3775e33218,ERC-20,acAriCelo,18
SafeForsageMatrix,0x84356B8Ad1692b1ec725d95D1faE18e253EE62D8,ERC-20,FORS,18
celoLaunch,0xf3de7C25880b30ad406320d4648096E6AEee226c,ERC-20,T-TCL,18
celoLaunch,0x107035446FeE56c31e6C02BC0d6982A22CCBD146,ERC-20,cLA,18
celoLaunch,0xF9b0B7c36B6d20c4EDE79704548273C23464a264,ERC-20,cLA,18
PToken,0x301a61D01A63c8D670c2B8a43f37d12eF181F997,ERC-20,pCELO,18
PToken,0xD8761DD6c7cB54febD33adD699F5E4440b62E01B,ERC-20,pEUR,18
celoLaunch,0x75BB7366014EfBdFAD02067F8029Bf76d79a26af,ERC-20,cLA,18
celoLaunch,0x5927fd244E11dB1c7b1215619144d2aAbAc80a4F,ERC-20,cLA,18
DAI,0x64e570Df5a748E7fAD3B251b2e6B2248A2928184,ERC-20,DAI,18
MintSwapCanonicalToken,0xCb4A7569a61300C50Cf80A2be16329AD9F5F8F9e,ERC-20,PEOPLE,18
Daopolis,0xc4ea80deCA2415105746639eC16cB0cF8378996A,ERC-721,DAOS,
ImmortalERC20Token,0xE685d21b7B0FC7A248a6A8E03b8Db22d013Aa2eE,ERC-20,IMMO,9
wsIMMO,0xc1eE7C595c45193d6b22d672a8637Fd72d1Fe4D5,ERC-20,wsIMMO,18
sImmortal,0xF71c475F566273CC549f597872c6432642D96deF,ERC-20,sIMMO,9
DAI,0x30EBAa15830a4c52F741029b204f612cf9612ec8,ERC-20,DAI,18
PreImmortal,0x459277127535efe9eB6c387f66432Fbd615617F2,ERC-20,pIMMO,18
metaCeloGameNFT,0xc63C3243601E038286a82c0f97F47BF20f2f1b82,ERC-20,cMETA,18
BeefyVaultV6,0x5261780fc6e0AE1FfCe37682044371932c2e8E97,ERC-20,mooSushiCELO-WETHv2,18
BeefyVaultV6,0xc8Acba0068B0F80F5176B6e14b9c7D1aF9B0F9A2,ERC-20,mooSushicUSD-USDC,18
BeefyVaultV6,0x6ad6c1f5c2Fb80e1240D7B8242496B3A4e021c68,ERC-20,mooSushicUSD-cEURv2,18
PACTToken,0x46c9757C5497c5B1f2eb73aE79b6B67D119B0B58,ERC-20,PACT,18
WomxnOfCelo,0x50826Faa5b20250250E09067e8dDb1AFa2bdf910,ERC-721,WMXN,
BeefyVaultV6,0x8F2894459026CaE358C4613eD6779e515f1F514e,ERC-20,mooSushicUSD-WETHv2,18
AutocompVaultV1,0xCA99D0cfc8b4f9881bdAB084542d58BF24Dd7657,ERC-20,acCUSDUSDC,18
Energy,0x305dbFD4e55C35c16aFdC5D8c470DaB195FA54C7,ERC-20,NRG,18
AutocompVaultV1,0x821D47D9183B99d0CF2b9e23179bAB40e1a76B98,ERC-20,acStabliCelo,18
Nomstronaut,0x72422d4D22Da24Ef6C19F482CB34e4905d0339e4,ERC-721,Nomstronaut,
Nomstronaut,0x8237f38694211F25b4c872F147F027044466Fa80,ERC-721,Nomstronaut,
metaCeloGameNFT,0xF3608F846cA73147F08FdE8D57f45E27CeEA4d61,ERC-20,cMETA,18
StarNet,0xe7a81f866F5957C22c2E058a949e8A64C0409913,ERC-20,STR,18
WrappedToken,0x6e512BFC33be36F2666754E996ff103AD1680Cc9,ERC-20,ABR,18
BaseRegistrarImplementation,0xdf204de57532242700D988422996e9cED7Aba4Cb,ERC-721,,
Pharaoh,0xBBF52efE321E6DABe73A533028806dcC1a76602D,ERC-20,pitax,18
AutocompVaultV1,0x2eCEC7afD95AD402c69a4EA5AFeE49695e1e80a4,ERC-20,acmcUSDmcEUR,18
CeloPaints,0x660C6442F01c75fE1e389A607A4a7662342f2FD2,ERC-721,CPAINT,
NomVoucher,0x0956525490C753fe8134BC64873374167D0f3923,ERC-20,vNOM,18
OrangeVault,0x24805F9EB91aC4e46C939782907E153e7ac2AAb0,ERC-20,ORALP,18
ORANGE,0x50359e800aCde1D93BB673E235Bafb86D0846c14,ERC-20,ORANGE,18
OrangeVault,0xafb01F7fdd2E5534Aa171126AaE1aeF17A3BBAEC,ERC-20,ORALP,18
OrangeLPVault,0xF5Be782d75D9dB30D7F03DdC092Dd4505D06eDe0,ERC-20,SushicUSD-USDC,18
DAI,0xf1E0Cd564A51cE5902b0787C817F38B58E8B7D27,ERC-20,DAI,18
DomainChain,0xc9e2af6d4EfEa2BDDC2e836F79272b367fAD1712,ERC-721,DNS,
StableTokenBRLProxy,0xe8537a3d056DA446677B9E9d6c5dB704EaAb4787,ERC-20,cREAL,18
BeefyVaultV6,0x37A8b016EF27fBCF73F73Fb9Dc1C09C47A5d7E48,ERC-20,mooSushiWETH-USDT,18
BeefyVaultV6,0xecCb80E860561Ca9Ffb183A557F32CC90B05d3c3,ERC-20,mooSushiCELO-MOBI,18
BeefyVaultV6,0xbA79aC22fA300961A89547955d1363d7896B497d,ERC-20,mooSushiWETH-DAIv2,18
PixelAva,0x4cc7c55aB8B7d218B706cAE17DcA32B7bDb357B3,ERC-721,PXA,
GemCats,0x29b4638Dabebd5A821d5Eb3A847D5d918eaCA9BE,ERC-721,GEMCAT,
TelestoDigikey,0xba3E7dD2eA22890fAa260F4a9c1Ff55D4376AAAb,ERC-1155,DIGIKEY,
OrangeLPVaultV1,0x02401c0b1a044e56B78Af502b29b656646a14E35,ERC-20,SushicUSD-USDC,18
PXLShareToken,0x6aA94886967405Ad0956189De8e8cbbaA27fB27b,ERC-20,PXL,0
PXLShareToken,0x19A949BbFb661a6Ed92195AF73C69C1e0CbC8Ab5,ERC-20,PXL,0
OrangeLPVaultV1,0x252f03EEf977fa0900B9EE0D100064972d528472,ERC-20,SushicUSD-USDC,18
DomainChainNetwork,0x9576167Eb03141F041ccAf57D4D0bd40Abb2b583,ERC-721,CNS,
OrangeVault,0x9aB7Cd67dDb8e56a53bd76622448149F01b7CD20,ERC-20,ORALP,18
PXLShareToken,0xc2F6fFB34352Ce559b3C1B3706c56bd325f6e453,ERC-20,PXL,0
Celostrials,0xAc80c3c8b122DB4DcC3C351ca93aC7E0927C605d,ERC-721,NFET,
CeloDogeX,0x30293839E2bB5aDE1719977fa5b6EE62aA413DB2,ERC-20,cDOGEx,9
StableTokenEURProxy,0xD8763CBa276a3738E6DE85b4b3bF5FDed6D6cA73,ERC-20,cEUR,18
UbeswapFarmBot,0x2e031Fd9930b6aa96e8aC7ad528459817c96Ed70,ERC-20,RFP,18
CeloPunksAngelsCollection,0x0E7a0c8FAb504dbB94F1e33E0A09ab4506Ea2e9b,ERC-721,ANGELPUNK,
ChinChilla_Gang_Airdrop,0xb69948766ADeF1e85291c322114c3d98eEbA8695,ERC-721,GANGAIRDROP,
wmcREAL,0x542F6F3aB2a18a7831aac734d280374AA86f3596,ERC-20,wmcREAL,18
ChinChillaGang,0xc8DF51073CD581902b4fb50131d31f29343131F0,ERC-721,GANG,
SToadzNFT,0xA83a8C2f6a762F8BE760A0f45540E3864750dE0F,ERC-721,STOADZ,
AgriCelo,0x71D69A62d652dD8a8BF62897Ef7aA2e36871ad84,ERC-20,AGRI,18
CeloDogeX,0x49B8990F14C0b85f528d798Fc618B97bc3299C35,ERC-20,cDOGEx,9
CeloEspresso,0x7DD354dB71fbFa060070BC0a05d24F87d24A31B7,ERC-721,cESPRESSO,
ERC20MOBI,0x73a210637f6F6B7005512677Ba6B3C96bb4AA44B,ERC-20,MOBI,18
CoinToken,0x39eCEF094be9526ab46FeA3F0f92581A8295ED8B,ERC-20,AS,9
UbeswapFarmBot,0xCB34fbfC3b9a73bc04D2eb43B62532c7918d9E81,ERC-20,RFP,18
KnoxerNFT,0x1F25F8Df9E33033668d6F04DAE0bDE4854E9F1A5,ERC-721,KNX_NFT,
Knoxer_ERC20,0x266C13DeD5A1d636E502fd56B3F76d38c3107EC2,ERC-20,kUSD,18
Tatum721General,0xC49c2d52B3B4D0e3E52D1C8E0e10B13c82982E9d,ERC-721,TATUM_NFT,
CeloMonkeyBusiness,0xe2BbaE9A94513736f8F4Aed5D399bd6B1e0Bfb48,ERC-721,CeloMBS,
CeloKatzWarriors,0x33e14e9c5fCC90e5a7F906D9991A54b678F097F6,ERC-721,CKW,
UniswapV2Pair,0x5d3be0Ef8F83d2Df0782a89BDCd28978eD4dD13F,ERC-20,ULP,18
UniswapV2Pair,0xe7B5AD135fa22678F426A381C7748f6A5f2c9E6C,ERC-20,ULP,18
UniswapV2Pair,0x806e181798465edF56C66E29e2df01CAF4013f76,ERC-20,ULP,18
UniswapV2Pair,0xb460F9Ae1fEa4f77107146C1960bb1C978118816,ERC-20,ULP,18
UniswapV2Pair,0x9a23A61A8988fAA730A1Af09EaD45a993d7f5f3C,ERC-20,ULP,18
UniswapV2Pair,0x9c895B5edb4a07CDF16cD0e62356E757F4C11C52,ERC-20,ULP,18
UniswapV2Pair,0xC2Fd7BD1C2A86b57F8dA0837D32AA9ca86Cc1d6b,ERC-20,ULP,18
UniswapV2Pair,0x0B81CF47C8F97275d14C006E537D5101b6C87300,ERC-20,ULP,18
UniswapV2Pair,0x65596e0f281b0CBcba0aA261982690E9BCBa7247,ERC-20,ULP,18
UniswapV2Pair,0xe852915873ce5Cb61DF6478Bc5D6BAe1ec9190c3,ERC-20,ULP,18
UniswapV2Pair,0x684dA04524b1A6BAF99566D722DE94CE989Ea722,ERC-20,ULP,18
UniswapV2Pair,0x063A34237BB7E4F130dcfdaD6e94C32825649975,ERC-20,ULP,18
UniswapV2Pair,0xA303752e36a9D134b971a5C43f8B1d700707BE60,ERC-20,ULP,18
UniswapV2Pair,0x69d5646e63C7cE63171F76EBA89348b52c1D552c,ERC-20,ULP,18
UniswapV2Pair,0x7d63809EBF83EF54c7CE8dEd3591D4E8Fc2102eE,ERC-20,ULP,18
UniswapV2Pair,0x27616d3DBa43f55279726c422daf644bc60128a8,ERC-20,ULP,18
UniswapV2Pair,0x9f437509E61896738ea8CDb6cDeD618C0e509032,ERC-20,ULP,18
UniswapV2Pair,0x3dBE84b0445e2862D883c885e47bf618A8dB44a7,ERC-20,ULP,18
UniswapV2Pair,0x7b510325aeA6F3FFF1cc004c66b01409e7A093Ac,ERC-20,ULP,18
UniswapV2Pair,0xe81E989Deea15646c9305053B6aDBE13b1446D71,ERC-20,ULP,18
UniswapV2Pair,0xF97E6168283e38FC42725082FC63b47B6cD16B18,ERC-20,ULP,18
UniswapV2Pair,0xE081E2FD9B2e1ae939239b601946564aDC9E7541,ERC-20,ULP,18
UniswapV2Pair,0xaE9A62F50171B3E1C4b3345D3638764Ecf1A78a6,ERC-20,ULP,18
UniswapV2Pair,0xF94fEA0C87D2b357DC72b743b45A8cB682b0716E,ERC-20,ULP,18
UniswapV2Pair,0x39AC98447f28612D3583e46E57cb106337FCAe3F,ERC-20,ULP,18
UniswapV2Pair,0xf69E376126F5EAD7aBFA5A4A0351C18fEfff8b94,ERC-20,ULP,18
UniswapV2Pair,0xC0864bec4E878371D2BfB1E92928e30A2FE91cF1,ERC-20,ULP,18
UniswapV2Pair,0x999F2de619464FCE1A1085f902836aA52c09dBd7,ERC-20,ULP,18
UniswapV2Pair,0x2004d4b6edeA896433B9614031caeC7412440862,ERC-20,ULP,18
UniswapV2Pair,0x9272388FDf2D6bFbA8b1Cdd99732A3D552a71346,ERC-20,ULP,18
UniswapV2Pair,0x19a75250c5A3ab22a8662e55a2B90FF9d3334B00,ERC-20,ULP,18
UniswapV2Pair,0x01522C42cA43D7BfD34f373d41AD7d90a95E714C,ERC-20,ULP,18
UniswapV2Pair,0x573bcEBD09Ff805eD32df2cb1A968418DC74DCf7,ERC-20,ULP,18
UniswapV2Pair,0xa813Bb1DF70128d629F1A41830578fA616dAEeEc,ERC-20,ULP,18
UniswapV2Pair,0x58FfF7110e39c733fD37742b8850f9205fBC351B,ERC-20,ULP,18
UniswapV2Pair,0x0c672CF5131eB81D1b141A0C1c9631e751E3c608,ERC-20,ULP,18
UniswapV2Pair,0x9f3574DAe1AeFfD65ef739e9F50e2B9dd8831056,ERC-20,ULP,18
UniswapV2Pair,0xb41Aae43E6ac45C8e6CE7cbB4979329E2E73eD8F,ERC-20,ULP,18
UniswapV2Pair,0x0fa312Bbc0038d2a680A7922CCee0298D11D023C,ERC-20,ULP,18
UniswapV2Pair,0x148C4ce0019a2e53f63DF50a6D9E9C09c5969629,ERC-20,ULP,18
UniswapV2Pair,0x63bfA7dBe921b4aA19d30692540959E2D5086773,ERC-20,ULP,18
UniswapV2Pair,0x0931738d2C2998173058B635524e437172a6a96C,ERC-20,ULP,18
UniswapV2Pair,0x5ef55c5bBF1a927bA0fEc614210832E1869a42F4,ERC-20,ULP,18
UniswapV2Pair,0x427c95a1379182121791cc415125acD73ea02e97,ERC-20,ULP,18
UniswapV2Pair,0x12E42ccf14B283Ef0a36A791892D18BF75Da5c80,ERC-20,ULP,18
UniswapV2Pair,0x4857E2F4e0b68bD31149f3f44CE0d883B7c4E440,ERC-20,ULP,18
UniswapV2Pair,0x736fC67F144e208381b85Dd0898fA1a6677bc437,ERC-20,ULP,18
UniswapV2Pair,0xd76eee106e10dcbF8b24D319e785a211D29BB8B1,ERC-20,ULP,18
UniswapV2Pair,0x59b22100751b7fda0c88201FB7a0eAf6fC30BCc7,ERC-20,ULP,18
UniswapV2Pair,0x1265bb3e69968A14fF7c4d8204b17c6B79A7FF52,ERC-20,ULP,18
UniswapV2Pair,0x2e6F82359d24598F0143B5Cc8edaa1D32be0d75d,ERC-20,ULP,18
UniswapV2Pair,0x6F3324B3E3C4d8b0106c42BedDC8BBD23c1bDaB7,ERC-20,ULP,18
UniswapV2Pair,0x0400cbCD2Bf5835949be4b4A74a37c73254345fa,ERC-20,ULP,18
UniswapV2Pair,0xe37EFCD3188cb9b6801009466aED2Dc9BBa19C0F,ERC-20,ULP,18
UniswapV2Pair,0xFf58607B98b986ff06D4C5a5E77e9881E610DD8c,ERC-20,ULP,18
UniswapV2Pair,0x8bDF901f22C100d5f13eCd00709a48919DD28015,ERC-20,ULP,18
UniswapV2Pair,0x9566991B6246Cf98df184272b97a1a40a93722De,ERC-20,ULP,18
UniswapV2Pair,0xd56FB0A18f7b0077d76d148e567f311Ad7935E9f,ERC-20,ULP,18
UniswapV2Pair,0x15292280Dd7fa91D4460e26fAfB5F6dD457C5A5D,ERC-20,ULP,18
UniswapV2Pair,0x1Eb738eC1D46c9BEfE95e830E19d0f537619F2D7,ERC-20,ULP,18
UniswapV2Pair,0xb5108b01280f994e67dc8BC3cd1E2433FA3A1B41,ERC-20,ULP,18
UniswapV2Pair,0x911923b25c6Ca2B916da8005F0554B365d7dDf33,ERC-20,ULP,18
UniswapV2Pair,0xCD1D049abdff6d1781d419cA7A897C389F2440E5,ERC-20,ULP,18
UniswapV2Pair,0xB715157F6C16Dd6523973c944F79aE4173DfebFe,ERC-20,ULP,18
UniswapV2Pair,0x83CF02F79Be87A7402A3Cac013d0e1C95FeFcAba,ERC-20,ULP,18
UniswapV2Pair,0x993B0d1A2C7EFF889F7e4dDC9a03b5085A2D1f27,ERC-20,ULP,18
UniswapV2Pair,0xFfe7989Aeb05f41D4579Ec267015F17dE66b08f7,ERC-20,ULP,18
UniswapV2Pair,0xc67d2557aDAdCbA1FCaa546DB146001e7624e5d3,ERC-20,ULP,18
UniswapV2Pair,0x832e6f1499fFC4512a316A6457BE8C2d7bBC102A,ERC-20,ULP,18
UniswapV2Pair,0xaA2cD92f13c5bA72291b3fDa9D0D860Aa48A514a,ERC-20,ULP,18
UniswapV2Pair,0x218AEd024d51EcBd6a82D143be04Cd25d563628e,ERC-20,ULP,18
UniswapV2Pair,0xf35E9cA7AD819A748F678C6Bd23A4987287C713C,ERC-20,ULP,18
UniswapV2Pair,0x25938830FBd7619bf6CFcFDf5C37A22AB15A93cA,ERC-20,ULP,18
UniswapV2Pair,0x59995cFa8713857C56404ad5a2C1B4e5881E976D,ERC-20,ULP,18
UniswapV2Pair,0x55222A2A85f0C2A41Ff51133ac150836ce802A45,ERC-20,ULP,18
UniswapV2Pair,0x86068E566dB5c30668F3AE03d9C1700D0B39c641,ERC-20,ULP,18
UniswapV2Pair,0xF105Df1aCdd02C10818C1F61DE64D0b65d161F5B,ERC-20,ULP,18
UniswapV2Pair,0xB18F5187cFDAcF1EDaF4f7B4E144a7867AaEcF04,ERC-20,ULP,18
UniswapV2Pair,0x8c774d1E374c08BbDBD5515cd6B063d0e5Cc110A,ERC-20,ULP,18
UniswapV2Pair,0xB08D69f18a94e08534Ffd3A6D06372B1823dFc47,ERC-20,ULP,18
UniswapV2Pair,0x583090d9f05f2Fac2D9B5A9960C8F27F68823E86,ERC-20,ULP,18
UniswapV2Pair,0xdE609bDAB5136D415FcAefD06c93E83CcB0a6D82,ERC-20,ULP,18
UniswapV2Pair,0x4550aa33f162A2887e40673Da1Bc8c23113Ce1F7,ERC-20,ULP,18
UniswapV2Pair,0xda36A59Ea2D8e5A4dE21Fb153b8dEd5a62BAd9D1,ERC-20,ULP,18
UniswapV2Pair,0xcc625BAa27335eA9537B2caD61246c586D0d635A,ERC-20,ULP,18
UniswapV2Pair,0xa6CF9D689C7a401F53943b5C23266EeE8812FCb5,ERC-20,ULP,18
UniswapV2Pair,0xEF921D5C41C53507886774e558A4B8ad6f3b0451,ERC-20,ULP,18
UniswapV2Pair,0x8C89f7bB791d94E10EEd4Eb78D0E886C82D7A2e3,ERC-20,ULP,18
UniswapV2Pair,0x17d524836916d1845F611287131990A42DB36400,ERC-20,ULP,18
UniswapV2Pair,0x35a3353546C258D94285dd5445d5Cc40ff49195a,ERC-20,ULP,18
UniswapV2Pair,0x70fc1242b727b11c7aAD8088aC2d1d0c959e6023,ERC-20,ULP,18
UniswapV2Pair,0xEa6fE86DdF41B0b75816BB69dc6a9e40Bc0D79F2,ERC-20,ULP,18
UniswapV2Pair,0x797139C73AF13396Db933238432452cd4035Fd9A,ERC-20,ULP,18
UniswapV2Pair,0x2BB94C21204589599D0905E9b3D05970D5f555CA,ERC-20,ULP,18
UniswapV2Pair,0x3fc81d6D7Fa2b2a58a6B399867E917510C927723,ERC-20,ULP,18
UniswapV2Pair,0xE225Bd7D8a1E55764A5Ee3349D9e723f76630576,ERC-20,ULP,18
UniswapV2Pair,0xf8E3891a38016dE2E6Ed5Fcc433Ca2BDB5e8f90c,ERC-20,ULP,18
UniswapV2Pair,0x11Ce57AaAE0418d120e4415691B6F174219e4b02,ERC-20,ULP,18
UniswapV2Pair,0xcc90d7b497eC7D3a0C086D1B804BbA8A4a8e747C,ERC-20,ULP,18
UniswapV2Pair,0xd0Ad5957BA831a1225AeAF4181fb242a52158BA7,ERC-20,ULP,18
UniswapV2Pair,0xaeD086cd3f714623b52Da05EF3fC2E944010a0D4,ERC-20,ULP,18
UniswapV2Pair,0x125D1DcA8957055d88fa80596bb538F53E5Ee599,ERC-20,ULP,18
UniswapV2Pair,0x0448d034D4A6D138c01e26bA64eC6011E93716eB,ERC-20,ULP,18
UniswapV2Pair,0x552ac6d7506BB64eF7BeF0E98953a7f35f1A5f06,ERC-20,ULP,18
UniswapV2Pair,0x696E8429D87dB245110F83296FB2f80Df2aD58Fc,ERC-20,ULP,18
UniswapV2Pair,0x6b5B32Fba10bd44Af0302F74abE9fAde21f835Ca,ERC-20,ULP,18
UniswapV2Pair,0xCd19ab14Be7a8E9Cdcc0617099c483b0146B870C,ERC-20,ULP,18
UniswapV2Pair,0x98b88dD1a0187cEDffb94b983c10bDCaa62e652B,ERC-20,ULP,18
UniswapV2Pair,0x313e1B5edEEbaB73b6e869a74A896dC999E204Cc,ERC-20,ULP,18
UniswapV2Pair,0x999AE8370c8F51198EdC87bC2ee131d34a747701,ERC-20,ULP,18
UniswapV2Pair,0x30F1639B42E5F14c176E47d07199F001F122238c,ERC-20,ULP,18
UniswapV2Pair,0xac9ab918A0F36C1Ff53f14E9CB49F81bE01b88F7,ERC-20,ULP,18
UniswapV2Pair,0x5326C288b431e8D01787114662c7B3c2eC730A39,ERC-20,ULP,18
UniswapV2Pair,0x724ff4aaFA4fd2C44a1726707C2f1b3d1650Eab9,ERC-20,ULP,18
UniswapV2Pair,0x239b062fB893cA0E1A6163f684575CB4Bf07B59B,ERC-20,ULP,18
UniswapV2Pair,0x7703874bd9fDAcCeca5085eaE2776E276411F171,ERC-20,ULP,18
UniswapV2Pair,0xf1281273C7261240304A3062378c7B91B74b6134,ERC-20,ULP,18
UniswapV2Pair,0xa121608BA08c6b1EB61924e4e4c0A983c13F75D4,ERC-20,ULP,18
UniswapV2Pair,0x3eA1e47F5126F6A6077A92965b9D1b1aa241893E,ERC-20,ULP,18
UniswapV2Pair,0xa966E30aF0dF1A3254C2f1Fc2ba6651684217933,ERC-20,ULP,18
UniswapV2Pair,0x2994297c01A441097535781731711a8122139B06,ERC-20,ULP,18
UniswapV2Pair,0xFB4157a258394c349eb44174132b048E82833904,ERC-20,ULP,18
UniswapV2Pair,0x5f5a52C9D3CA54D9804B60a1af1eC9D5cCcd2d74,ERC-20,ULP,18
UniswapV2Pair,0xC88f10D2db5994Bf299951bA52286EF5AB702614,ERC-20,ULP,18
UniswapV2Pair,0x216915F5edd69617cf10d3325286b13605a4347C,ERC-20,ULP,18
UniswapV2Pair,0x7BCc5047071D7F1dA46ca6Cb00f9eb42f1DbbB64,ERC-20,ULP,18
UniswapV2Pair,0x68e9c4f4676274B2A5D981423524dFe2ED360759,ERC-20,ULP,18
UniswapV2Pair,0x302C1cc85ef9642bFb6b14b9Ab4a8934CB8C171f,ERC-20,ULP,18
UniswapV2Pair,0x176F4d0B5F57D6972f7Db2977d15fe1a03C05e27,ERC-20,ULP,18
UniswapV2Pair,0xE7cC82Be4BFD3D127E6034A68831C0e381123319,ERC-20,ULP,18
UniswapV2Pair,0x2D4D6193edfe8748B9b00E1294655789EC51Ac27,ERC-20,ULP,18
UniswapV2Pair,0xfe801495eaAc62257a1258652a3e3c923B61C45d,ERC-20,ULP,18
UniswapV2Pair,0x4E0Abf0C52e6AE85FD9F128053aCf15fAf7f7360,ERC-20,ULP,18
UniswapV2Pair,0x2163bEDAe9dB6f4d60870c81754c3c173cC26F6A,ERC-20,ULP,18
UniswapV2Pair,0x3538072ad4f25ACf0c8dAB5CAb56f853B7F9656a,ERC-20,ULP,18
CeloKatzWarriors,0xa4BC4EfBA9D81962325B02eFE91772c7B4aaB31D,ERC-721,CKW,
NaviKatzWarriors,0xfA83588c92a353fba568D7C25A32E599FEa35763,ERC-721,NKW,
Cryptomancer,0x555A5f27B91c16dC361118123e80B4cAc044306A,ERC-721,MANCER,
CeloDoodles,0xDA34B0da16A7731E2ff9Ffdee8889271e254FB65,ERC-721,DOODLE,
CeloDoodles,0xDAd48E7974878949f1672c92014Cc0615c79746f,ERC-721,DOODLE,
LiquidityGaugeV3,0x107F94409746E8c8E6eFF139A100D17D9ca7FdfE,ERC-20,MobLP-gauge,18
LiquidityGaugeV3,0xD0d57a6689188F854F996BEAE0Cb1949FDB5FF86,ERC-20,MobLP-gauge,18
LiquidityGaugeV3,0xc96AeeaFF32129da934149F6134Aa7bf291a754E,ERC-20,MobLP-gauge,18
LiquidityGaugeV3,0x27D9Bfa5F864862BeDC23cFab7e00b6b94488CC6,ERC-20,MobLP-gauge,18
LiquidityGaugeV3,0xdAA2ab880b7f3D5697e6F85e63c28b9120AA9E07,ERC-20,MobLP-gauge,18
LiquidityGaugeV3,0x127b524c74C2162Ee4BB2e42d8d2eB9050C0293E,ERC-20,MobLP-gauge,18
LiquidityGaugeV3,0xE1f9D952EecC07cfEFa69df9fBB0cEF260957119,ERC-20,MobLP-gauge,18
LiquidityGaugeV3,0x0A125D473cd3b1968e728DDF7d424c928C09222A,ERC-20,MobLP-gauge,18
LiquidityGaugeV3,0x487c30CB18AA9Ced435911E2B414e0e85D7E52bB,ERC-20,MobLP-gauge,18
LiquidityGaugeV3,0xd1B3C05FE24bda6F52e704daf1ACBa8c440d8573,ERC-20,MobLP-gauge,18
LiquidityGaugeV3,0xE7195E651Cc47853f0054d85c8ADFc79D532929f,ERC-20,MobLP-gauge,18
LiquidityGaugeV3,0xCAEd243de23264Bdd8297c6eECcF320846eee18A,ERC-20,MobLP-gauge,18
LiquidityGaugeV3,0xe2d6095685248F38Ae9fef1b360D772b78Ea19D1,ERC-20,MobLP-gauge,18
LiquidityGaugeV3,0x5489b2F0A1992b889F47601D71E068Fd15c63f26,ERC-20,MobLP-gauge,18
LiquidityGaugeV3,0x1A8938a37093d34581B21bAd2AE7DC1c19150C05,ERC-20,MobLP-gauge,18
LiquidityGaugeV3,0x52517feb1Fc6141d5CF6718111C7Cc0FD764fA5d,ERC-20,MobLP-gauge,18
LiquidityGaugeV3,0xD38e76E17E66b562B61c149Ca0EE53CEa1145733,ERC-20,MobLP-gauge,18
LiquidityGaugeV3,0x2459BDb59a3BF6Ab6C412Ac0b220e7CDA1D4ea26,ERC-20,MobLP-gauge,18
LiquidityGaugeV3,0xF2ae5c2D2D2eD13dd324C0942163054fc4A3D4d9,ERC-20,MobLP-gauge,18
LiquidityGaugeV3,0xCF34F4ec5DC9E09428A4f4a45475f6277694166c,ERC-20,MobLP-gauge,18
LiquidityGaugeV3,0x1250D6dd3B51D20c14a8ECb10CC2dd713967767e,ERC-20,mobLP-gauge,18
LiquidityGaugeV3,0xC5375860b33915Ee26184cD35CC57DE1Ca97b6E4,ERC-20,MobLP-gauge,18
LiquidityGaugeV3,0xaD18fda9B6eBD42d8bADE94fe55144A79b2E8EDb,ERC-20,MobLP-gauge,18
LiquidityGaugeV3,0x1A648004d8AB84eE34d2D1cd2F2A7a7828D6939F,ERC-20,MobLP-gauge,18
wmcEUR,0xAb32a0b6d427ce11a4cEf7Be174A3F291a2753E6,ERC-20,wmcEUR,18
CeloPunksCeloConnect,0x3e62dea5F1133c8B729cCEf38A14fF275D0BB3Cb,ERC-721,CCONNECTPUNK,
CeloPunksCeloConnect,0xc017019e7B1566900553987ac1D9b25D126dA16C,ERC-721,CCONNECTPUNKS,
CeloHedgeys,0x2AA5d15Eb36E5960d056e8FeA6E7BB3e2a06A351,ERC-721,HDGY,
AutocompVaultV1,0x664092b9d48612f53F2995205DEDc6F21eff9770,ERC-20,acMcusdIMMO,18
wmCELO,0x337ddAD7Fcb34E93a54a7B6df7C8Bae00fA91D09,ERC-20,wmCELO,18
UbeswapFarmBot,0xeC17fB85529A6A48cB6ed7e3c1d1a7cc57D742C1,ERC-20,RFP,18
CGEarnToken,0xeD4ba7a44f0e1A8a92276861Fcb15fb30c7f6f1c,ERC-20,CGEARN,18
MyToken,0x34C11A932853Ae24E845Ad4B633E3cEf91afE583,ERC-20,cRECY,18
PlastikRRGV1,0x2A7325859492E50c48979a5c4D9753126f091De0,ERC-721,PLASTIK,
PlastikNFTV1,0x88B268Bc3a711b0f3201ff0c6140F37732814F5C,ERC-721,PLASTIKART,
KNOX,0x833fD14F0FD4eaA47433A07428a46d1Ac60fA591,ERC-20,KNOX,18
FlanToken,0xa5033ad7F1928566225057Fa3e6F704e8401BC25,ERC-20,FLN,18
CeloErectus,0x56546DAF99C69c0F6271FA287b30A1946cA466f0,ERC-721,CER,
BEP20Token,0x0690D67D7Cb8853F08832F05F4a4f8Ad6E674CA3,ERC-20,CBTC,2
Energy,0x84c4e1f2965235f60073e3029788888252c4557e,ERC-20,NRG,18
KARMAGE,0x4eA676E377e717D078193ab9347c1e6836B06b22,ERC-20,KMC,18
YankeeExchange,0x555aD69103f8101645A797459b748A5B822AB9A5,ERC-20,YANKEE,18
GoodDollar,0xf2283840cE37DAe0a06B40a9A80603977f36fA3F,ERC-20,G$,2
Winter_Beauty_00,0xca6348eDE20E5146682cB58f8C496F4Ee875816b,ERC-1155,,
Miami,0x977CFf494d0095a70eAFa2168226F7a5C28c3444,ERC-20,MIA,18
CeloMiami,0x0dd7554275c8c702cb1007b76817E6eFA48864bd,ERC-20,MIA,18
Pixel,0x69dA5A4C381f1AeDfF548b44e122Fd1A9E3924D0,ERC-721,Pixel NFT,
KARMAGE,0x4213E7aB42dD21366508B18edfc33C29e7cBD81B,ERC-20,KMGE,18
CBep20Delegator,0x7CDc41129b3fDfCB2bA55f616D61ad45b7A8Cc74,ERC-20,cCUSD,8
CCELO,0x9de4171EDc1F69EAD07f7595bD3beD62d9215532,ERC-20,cCELO,8
CyberTimeCertNFT,0x20e9Eba55Aed8C05774FD0eE1f35438bE2b311b9,ERC-721,CTCN,
ARISwapToken,0x8481d620CBa0Dc4a4421D1015DAbc60Ec55d6172,ERC-721,ARIa,
CyberTimeCertNFT,0xa3272cD729273e1efD64bE23bBc530fD3876Ae01,ERC-721,CTCN,
Paper,0x1affBc17938a25d245e1B7eC6f2fc949df8E9760,ERC-20,PAPER,18
NonFungibleMinutes,0x6a51495EDae0f3761248d21FAeE58D585fFE6C27,ERC-721,NFM,
TelekomT3,0xA5E55c98078c0357066Bb78fAFB0060DfB1Ebc83,ERC-721,TT3NFT,
Ink,0x32975907733f93305BE28E2bfd123666b7A9c863,ERC-20,INK,18
CyberBoxCertNFT,0x34Ea9B587Dd98B7f84541A55c27b5A6cba6b815c,ERC-721,CBCN,
KarmageRewards,0x54257B7845688193230F9e8cF386423d8Fe194b6,ERC-20,rKMGE,18
GenNFTs,0x367fd1B49D643766d0Bb131BaB424344F28962F5,ERC-721,GEN,
Guppy,0xE509Be8dfB13a97340959b939b2552C1916CC7c9,ERC-20,GUPPY,18
CyberBoxCertNFT,0xBa82A8855C09020E1d163155E5D6b98c8Bcb695f,ERC-721,CBCN,
RevoUbeswapSingleRewardFarmBot,0x1cEC3e5722CB0a2FFB78e299b9607ea7efA92090,ERC-20,RFP,18
CyberTimeCertNFT,0xAC0BE69ABF9A845631193bd502d9e5373C11f6a1,ERC-721,CTCN,
KnoxWorld,0x96a47b237a4d684eC2b8BA6620061187C85875E0,ERC-721,KnoxWorld,
NonfungiblePositionManager,0x8Fe735E803C160B68dBBa3d508d9cd572daA7A18,ERC-721,UNI-V3-POS,
ERC1967Proxy,0xC668583dcbDc9ae6FA3CE46462758188adfdfC24,ERC-20,stCELO,18
ERC1967Proxy,0xDc5762753043327d74e0a538199c1488FC1F44cf,ERC-20,rstCELO,18
ERC1967Proxy,0x0f497a790429685a3CfD43b841865Ee185378ff0,ERC-721,MINIMICE,
NonfungiblePositionManager,0x3d79EdAaBC0EaB6F08ED885C05Fc0B014290D95A,ERC-721,UNI-V3-POS,
SPACTToken,0xFC39D3f2cBE4D5efc21CE48047bB2511ACa5cAF3,ERC-20,SPACT,18
MoneyArt,0x175D9Db34c67C15D1a39008Cb0Ae375fCAbA3f92,ERC-20,MONAR,18
ERC1967Proxy,0x5214A04E24eAf78010330Cd9C290FaacC35490a1,ERC-721,SWAY,
Prime,0x3B07929950357629c7Cb353bA298eD092Ab51B2e,ERC-20,D2D,18
Pixaton,0x23FaCed31c5d1c5cb06778eBE46A29eb4E7106dB,ERC-20,PXT,18
CeloWhales,0x6eBc8879Ee57334B14a9B1e3A2fDe55E172193C6,ERC-721,CWHALE,
CeloWhales,0x9ec4561d95689Fb0e0C37940ca925F60a3d335c3,ERC-721,CWHALE,
StakedTokenVault,0x25B2A20AbF9F8D35e61DCFCC4d9Afd39874Ec881,ERC-20,,18
supraVaultV5,0xFee23Aeb633D20703173e727508CAfAD6930cb47,ERC-20,supraPOOF-UBE_Ubeswap,18
SpiralsCUSDVault,0x132DB9d8ee6Ff5a397f0f0e2e771388da2ee477C,ERC-20,spcUSD,18
SpiralsCUSDVault,0x6eB778dC6Afc2c0E5fAa0Bb505BBd9D891afb6EE,ERC-20,spcUSD,18
PlastikNFTV3,0x304C9C8738D86fA76607B53C85B6472e409B8673,ERC-721,PLASTIK,
PlastikPRGV2,0xa426973E3eF0d36A2BfA1940b4bAC1E2673fDEf3,ERC-1155,,
TransparentUpgradeableProxy,0xd89064E0b68B50c6AC51904a6abab7dE88d3b0D3,ERC-20,spCELO,18
Shiki,0x91d0e3A2BCCf036bcf61536D2BDFD47D79946aAE,ERC-721,SHIKI,
DxMMS,0xeDD8b99Bc51280C103bBb04406432Ed58CC6e376,ERC-721,SHARK,
TransparentUpgradeableProxy,0x0DDA45D87751e9b5c8542527eeC57d001942898a,ERC-20,spcUSD,18
ERC20Project,0x412534C87468d47cA440ADf3A4EAc5Cdddc37fA6,ERC-20,uWTA,2
ERC20Project,0xBE5c38776e2F06aB83a246B028fDcc082F3C04E5,ERC-20,uWC,2
supraVaultV5,0x3E7d3EbC82EA10CF683B022515C4Ca53f718bA40,ERC-20,a,18
POAVToken,0x9eBF4D434139A90d8bB9c6da4E9e2FA909E711a7,ERC-721,POAV,0
SST,0x4925554248994eAA30Ae9F4A47738b740fa804f6,ERC-20,STC,18
CarbonPathNFT,0x89a021b0873EEee6AE28eef4Ec90e2c4a4d96b5A,ERC-721,$CPNFT,
KolorLandNFT,0x4D5807593844EC2538C012dD22EEC5d157cB7D20,ERC-721,KLand,
MagentaPinguClub,0x4ea15B90E262A66C6A47aBbc74D043FBa4b65ab9,ERC-721,MPC,
FIRUToken,0x6E8c30f31aF6a5a860aCfDd1d312773cFb280B14,ERC-20,FIRU,8
TDFPrebuild,0x15ED066CA50f85d8106D27111F599ff357C490Ef,ERC-20,pTDF,18
IScamPeople,0xF93781122043Afc1D1C7A90f2DB93Bd21D8229F1,ERC-20,SCAMMER,18
KolorLandNFT,0x86178FF5C54d4156936cDDA87F9D0358D7e7c98e,ERC-721,KLand,
POAVToken,0x84e2979d56e1bE192C7b72F1dE401A15B9af3c67,ERC-721,TICK,0
wmcUSD,0xD96A74081440C28E9a3c09a3256D6e0454c52E41,ERC-20,wmcUSD,18
NounsToken,0xfE1ec619F88f17132587EAa7e547d5261282B4Ec,ERC-721,spunk,0
NounsToken,0xBFd3f3113C892f9362223833BbbE3EfC32b413dB,ERC-721,spunk,0
NounsToken,0xbE2E36A243dC4ae347598497c900da5Aeb52C8bC,ERC-721,spunk,0
NounsToken,0x971dF8629B970CC0292Aa88B8E0A90B59eD01397,ERC-721,spunk,0
TestToken,0xD5BEE31f819dd19131d7bde9127c1B37DB8f3882,ERC-20,TT,18
ERC20Project,0x00a3f5e633E094e401d9e94FDefF1c75Ba85Cc8D,ERC-20,uWAC,2
ERC20Project,0xdABe72469Eb9DFd465F33933B83f9d7039630269,ERC-20,uWIBES,2
BeaconProxy,0x37f750B7cC259A2f741AF45294f6a16572CF5cAd,ERC-20,USDC,6
PlastikToken,0x27cd006548dF7C8c8e9fdc4A67fa05C2E3CA5CF9,ERC-20,PLASTIK,9
PlastikNFTV4,0x8D4ab1a461DAa1937c6a7F1f6584106aF311Ea9C,ERC-721,PLASTIK,
Minereum,0xF9d922c055A3f1759299467dAfaFdf43BE844f7a,ERC-20,MNEC,8
ERC20Project,0x5a78818b26791fBB0870bf15D96DcfD5ACABb92c,ERC-20,uWLC,2
CyberBoxCertNFT,0xA4A8E345E1a88EFc9164014BB2CeBd4C2F98E986,ERC-721,CBCN,
SUNEBUCKS,0x759Fdbc9Bd4156C513cD70ef1e1A5777b234664d,ERC-20,SUNE,18
CarbonPathToken,0x653eAd45a8c49C6d86b430fB742A5bfF55BAe53F,ERC-20,CPC02STG,18
CarbonPathNFT,0x3cff4807ee8Ed8B813A124900D5338074Be6A6EB,ERC-721,CPNFT,
TravelSaver,0x207856B02b264b7C60fdE304658d683184254330,ERC-20,,
TravelSaver,0xCd58b4544d75CDA2f1F02CC4B423867689A3601A,ERC-20,,
UUPSProxy,0x62B8B11039FcfE5aB0C56E502b1C372A3d2a9c7A,ERC-20,G$,18
ERC20Mock,0x8Ab457C4c818153DE31bEF5Aa5D696A7E1EaD267,ERC-20,TUSDC,18
sGoldenCelo,0x9779a9D28862Eb20d2aEf4DabFB1552cE76E0071,ERC-20,MEMO,9
CarbonCredits,0xc3377Ea71F1dc8e55Ba360724eff2d7aD62a8670,ERC-20,ATLASX,18
CelofarmsToken,0x3617Dd643d3991565c6D62B6Be44990dD550aE99,ERC-20,fCELO,18
TestCUSD,0x2d6823Fc318843265C3178C67A99c63Acd0eC85b,ERC-20,tcUSD,18
CarbonPathNFT,0xEbA07EE6b08171f388cA92327F008CA5CaEf4001,ERC-721,CPNFT,
CarbonPathToken,0x0e43906FBef1945d88cfbf173cB14B07c2Eb04aB,ERC-20,CPCO2STGv2,18
TravelSaver,0x46c4F585B1948f21E733C5e08e55330de22f9119,ERC-20,,
TravelSaver,0xa1A612F94923C9ed70f9bC124BC035b3bFd6b00e,ERC-20,,
CarbonPathToken,0xd7dd367ea602bE314e5050C3334A3d4c2FdeFe21,ERC-20,CPCO2,18
UUPSProxy,0xFa51eFDc0910CCdA91732e6806912Fa12e2FD475,ERC-20,G$,18
TransparentUpgradeableProxy,0x5C254cDEC89bd05fF627053CeD379CD9A843C6af,ERC-721,WHL-VHC,
PlastikPRGV3,0xA943E609956DAC3Ce3f4F58168026004C83AC511,ERC-1155,,
PlastikNFTMulV4,0x28793679DAe02C3eA463Dd1db7f99dc301eE231E,ERC-1155,,
ERC20Project,0x55A57528a03c53203D809c982Eac3F2140326319,ERC-20,uWBY,2
CarbonPathNFT,0x1F97C75201f2621f14d0c33Fb301747879177fB5,ERC-721,CPNFT,
GhostCollection,0x91ba8A14D2CC851aBb69212c09f59e06e1e7f0a5,ERC-721,JML,
MultipliedStakedIMTX,0x981caDA0d62254c5244402Eb39bd5E1A50a22468,ERC-20,msIMTX,18
IMTX,0x84084B3a9fF2cb1f617355D0773Eb37722BA1D49,ERC-20,IMTX,18
OptimizedTransparentUpgradeableProxy,0x59578a7381a77770B46153A7443a4c566fCC5427,ERC-20,TDF,18
TestCUSD,0x87680B0a24aa4B079C6ba106E999Eb061FF9136B,ERC-20,tcUSD,18
ReserveToken,0x98A90EcFB163d138eC289D05362f20613A0C02aC,ERC-20,RESERVE,18
CarbonPathNFT,0x42F4d3c58C3e75fe6AdC102fEC7Bd6A276b79E42,ERC-721,CPNFT,
OptimizedTransparentUpgradeableProxy,0x10CB7F49389787A99b59B2f87dfDd3bba141559f,ERC-20,TDF,18
MyToken,0x148F29F6f74c41009ed81620dCa160786D7d55B5,ERC-721,MTK,
TransparentUpgradeableProxy,0x8E19B1Ad222147193a9aF9B0A844B680721a007D,ERC-721,WHL-VHC,
JValeskaOnCelo,0x5f13C068707eEd266AFBfBD5f39298B76Db07398,ERC-721,JVOC,
SubscriptionsBoundAccountsManager,0x9238eC5588F39F6f8E23f4bbF8f2336049365DA3,ERC-20,CRED,18
OutflowNFT,0xC09c8D5c1F1325ed2D33B1153dC75edf76f080e7,ERC-721,OUTF,
SubscriptionsBoundAccountsManager,0x1dF2013adCadFab51D7233547c78331f23B03e04,ERC-20,CRED,18
